document_id,prompt_number,entities_count,prompt,text_length,entities_list
ru-10,1,44,"Задача распознавания именованных сущностей (NER).

ТЕКСТ:
Тереза Мэй рассчитывает усидеть в седле до завершения процедуры Brexit

Тем не менее, по сведениям британских СМИ, на предстоящей в конце сентября конференции партии тори противники Мэй навяжут ей серьезный бой, из которого не факт, что она выйдет победителем. Фаворит букмекеров в качестве возможного сменщика нынешнего премьера, бывший министр иностранных дел Британии Борис Джонсон намерен выступить с альтернативным докладом, который не оставит камня на камне от взглядов главы правительства на условия ""брекзита"". С точки зрения Джонсона, ""Лондон обернул британскую конституцию поясом смертника и вручил детонатор Мишелю Барнье (главному переговорщику Брюсселя по ""брекзиту"". - От ред.)"". С этой метафорой и предстоит сражаться на конференции главе правительства Альбиона.

Ради будущего торгового договора с единой Европой Лондон действительно согласился на множество уступок. Во-первых, он заплатит Брюсселю 39 миллиардов фунтов стерлингов. Во-вторых, будет выполнять законы ЕС. И, наконец, самое неприятное - от Британии требуют, чтобы она оставила Северную Ирландию в составе таможенного союза единой Европы. Это означает, по мнению Джонсона, что Британия может потерять Северную Ирландию, поскольку их союз в любой момент окажется в состоянии разорвать Брюссель. Понятно, что для гордых англичан такая потенциальная зависимость выглядит неприемлемой, да и терять территории Соединенного Королевства тоже не хочется. ""Мы сумели низвести великий британский брексит до двух ужасающих вариантов - или мы раскалываем наш союз, или вся страна навсегда обязана выполнять европейские законы"", - с присущим ему пафосом восклицает Джонсон, обращаясь к однопартийцам. Он убежден, что действия нынешнего премьера означают, что Британия ""направилась к статусу колонии"", не получив ничего взамен от единой Европы. Чем ответит Мэй на эти обвинения, схожие по составу с государственной изменой, не ясно. Судя по ее выступлению в четверг на экстренном саммите Евросоюза в Брюсселе, британский премьер рассчитывает на значительные уступки со стороны бывших коллег по единой Европе. И не прочь пошантажировать их возможным приходом Джонсона к власти на Альбионе: ведь в этом случае Брюсселю придется иметь дело с непредсказуемым, ""идейным"" переговорщиком, с которым практически невозможно договориться полюбовно.

При всей ""конспирологичности"" нельзя полностью исключать версию, что экс-глава британского МИДа закулисно договорился с Мэй. И теперь действует по классической схеме боевиков - в то время как Бор

---

ИЗВЛЕКИ и КЛАССИФИЦИРУЙ следующие сущности (44 шт.):
1. Brexit
2. Альбиона
3. Альбионе
4. Борис Джонсон
5. Британии
6. Британия
7. Брюсселе
8. Брюсселем
9. Брюссель
10. Брюсселю
11. Брюсселя
12. Джонсон
13. Джонсона
14. ЕС
15. Еврокомиссия
16. Европа
17. Европе
18. Европейскому
19. Европой
20. Европы
21. Евросоюза
22. Евросоюзом
23. Консервативной партии
24. Ла-Манша
25. Лондон
26. Лондона
27. Лондоне
28. Лондону
29. Международного валютного фонда
30. Мишелю Барнье
31. Мэй
32. Себастьян Курц
33. Северную Ирландию
34. Соединенного Королевства
35. Тереза Мэй
36. Терезу
37. брекзит
38. брекзита
39. брекзиту
40. брексит
41. британском парламенте
42. британскому парламентам
43. лейбористы
44. тори

---

ТИПЫ СУЩНОСТЕЙ (используй ТОЛЬКО эти 5 вариантов):
• PER (Person) - конкретные люди, персоны
• ORG (Organization) - организации, учреждения, компании
• LOC (Location) - географические объекты, места
• EVT (Event) - значимые события, мероприятия
• PRO (Product) - документы, законы, издания, процедуры

---

ФОРМАТ ОТВЕТА (строго соблюдай):
1. Одна строка на сущность
2. Сущность [ТИП]
3. Сущности должны быть в ТОЧНОМ написании как в списке выше
4. Используй русские названия сущностей

---

Теперь классифицируй все 44 сущностей:",5161,"['Brexit', 'Альбиона', 'Альбионе', 'Борис Джонсон', 'Британии', 'Британия', 'Брюсселе', 'Брюсселем', 'Брюссель', 'Брюсселю', 'Брюсселя', 'Джонсон', 'Джонсона', 'ЕС', 'Еврокомиссия', 'Европа', 'Европе', 'Европейскому', 'Европой', 'Европы', 'Евросоюза', 'Евросоюзом', 'Консервативной партии', 'Ла-Манша', 'Лондон', 'Лондона', 'Лондоне', 'Лондону', 'Международного валютного фонда', 'Мишелю Барнье', 'Мэй', 'Себастьян Курц', 'Северную Ирландию', 'Соединенного Королевства', 'Тереза Мэй', 'Терезу', 'брекзит', 'брекзита', 'брекзиту', 'брексит', 'британском парламенте', 'британскому парламентам', 'лейбористы', 'тори']"
ru-1000,2,14,"Задача распознавания именованных сущностей (NER).

ТЕКСТ:
Подробности.ua: Третий за сутки: Борис Джонсон покинул пост министра иностранных дел Великобритании

Таким образом, Джонсон стал третьим министром, который покинул свой пост в течении суток. Раннее о своем уходе объявили министр по вопросам выхода Великобритании из ЕС Дэвид Дэвис и заместитель министра по Brexit Стив Бейкер. Напомним, ранее премьер-министр Великобритании Тереза Мэй пообещала отправить в отставку главу МИД Соединенного Королевства Бориса Джонсона, если он попытается ослабить согласованную ее кабинетом коллективную позицию относительно будущих переговоров с ЕС.

Об этом сообщает The Guardian, передает УНН. ""Сегодня днем премьер-министр принял отставку Бориса Джонсона с поста качестве министра иностранных дел. Его замена будет объявлена в ближайшее время. Премьер-министр благодарит Бориса за его работу"", - сообщил пресс-секретарь британского парламента.


---

ИЗВЛЕКИ и КЛАССИФИЦИРУЙ следующие сущности (14 шт.):
1. Brexit
2. The Guardian
3. Борис Джонсон
4. Бориса Джонсона
5. Бориса
6. Великобритании
7. Джонсон
8. Дэвид Дэвис
9. ЕС
10. МИД Соединенного Королевства
11. Подробности.ua
12. Стив Бейкер
13. Тереза Мэй
14. УНН

---

ТИПЫ СУЩНОСТЕЙ (используй ТОЛЬКО эти 5 вариантов):
• PER (Person) - конкретные люди, персоны
• ORG (Organization) - организации, учреждения, компании
• LOC (Location) - географические объекты, места
• EVT (Event) - значимые события, мероприятия
• PRO (Product) - документы, законы, издания, процедуры

---

ФОРМАТ ОТВЕТА (строго соблюдай):
1. Одна строка на сущность
2. Сущность [ТИП]
3. Сущности должны быть в ТОЧНОМ написании как в списке выше
4. Используй русские названия сущностей

---

Теперь классифицируй все 14 сущностей:",880,"['Brexit', 'The Guardian', 'Борис Джонсон', 'Бориса Джонсона', 'Бориса', 'Великобритании', 'Джонсон', 'Дэвид Дэвис', 'ЕС', 'МИД Соединенного Королевства', 'Подробности.ua', 'Стив Бейкер', 'Тереза Мэй', 'УНН']"
ru-1001,3,13,"Задача распознавания именованных сущностей (NER).

ТЕКСТ:
Министр иностранных дел Великобритании Борис Джонсон ушел в отставку. Об этом сообщает Associated Press. Премьер-министр Тереза Мэй приняла отставку Джонсона. ""Премьер поблагодарила Бориса за работу. О том, кто станет новым министром, будет объявлено в ближайшее время"", - сообщили также в канцелярии премьера.

Ранее Мэй пообещала отправить в отставку Джонсона, если он откажется принять ее позицию по плавному выходу из Евросоюза. Напомним, что Джонсон является сторонником жесткого Brexit . Он уверен, что план Мэй, который подразумевает создание зоны свободной торговли с ЕС, сохранит зависимость Соединенного Королевства от Евросоюза.


---

ИЗВЛЕКИ и КЛАССИФИЦИРУЙ следующие сущности (13 шт.):
1. Associated Press
2. Brexit
3. Борис Джонсон
4. Бориса
5. Великобритании
6. Джонсон
7. Джонсона
8. ЕС
9. Евросоюза
10. МИД Британии
11. Мэй
12. Соединенного Королевства
13. Тереза Мэй

---

ТИПЫ СУЩНОСТЕЙ (используй ТОЛЬКО эти 5 вариантов):
• PER (Person) - конкретные люди, персоны
• ORG (Organization) - организации, учреждения, компании
• LOC (Location) - географические объекты, места
• EVT (Event) - значимые события, мероприятия
• PRO (Product) - документы, законы, издания, процедуры

---

ФОРМАТ ОТВЕТА (строго соблюдай):
1. Одна строка на сущность
2. Сущность [ТИП]
3. Сущности должны быть в ТОЧНОМ написании как в списке выше
4. Используй русские названия сущностей

---

Теперь классифицируй все 13 сущностей:",640,"['Associated Press', 'Brexit', 'Борис Джонсон', 'Бориса', 'Великобритании', 'Джонсон', 'Джонсона', 'ЕС', 'Евросоюза', 'МИД Британии', 'Мэй', 'Соединенного Королевства', 'Тереза Мэй']"
ru-1002,4,7,"Задача распознавания именованных сущностей (NER).

ТЕКСТ:
09.07.2018 18:09 : Премьер-министр Великобритании Тереза Мей приняла отставку министра иностранных дел Бориса Джонсона

Премьер-министр Великобритании Тереза Мей приняла отставку министра иностранных дел Бориса Джонсона.

Это связано с несогласием относительно планов отношения Великобритании и ЕС после официального выхода страны из Евросоюза. Ранее по этой же причине в отставку ушел британский министр по делам «Брекзит» Дэвид Дэвис.


---

ИЗВЛЕКИ и КЛАССИФИЦИРУЙ следующие сущности (7 шт.):
1. Бориса Джонсона
2. Брекзит
3. Великобритании
4. Дэвид Дэвис
5. ЕС
6. Евросоюза
7. Тереза Мей

---

ТИПЫ СУЩНОСТЕЙ (используй ТОЛЬКО эти 5 вариантов):
• PER (Person) - конкретные люди, персоны
• ORG (Organization) - организации, учреждения, компании
• LOC (Location) - географические объекты, места
• EVT (Event) - значимые события, мероприятия
• PRO (Product) - документы, законы, издания, процедуры

---

ФОРМАТ ОТВЕТА (строго соблюдай):
1. Одна строка на сущность
2. Сущность [ТИП]
3. Сущности должны быть в ТОЧНОМ написании как в списке выше
4. Используй русские названия сущностей

---

Теперь классифицируй все 7 сущностей:",437,"['Бориса Джонсона', 'Брекзит', 'Великобритании', 'Дэвид Дэвис', 'ЕС', 'Евросоюза', 'Тереза Мей']"
ru-1003,5,10,"Задача распознавания именованных сущностей (NER).

ТЕКСТ:
09.07.2018 17:02 : Министр иностранных дел Великобритании Борис Джонсон покинул свой пост

Об этом сообщает агентство Рейтер. Сегодня премьер Тереза Мэй приняла отставку. О преемнике будет объявлено позже. Мэй поблагодарила Джонсона за работу, — говорится в официальном заявлении Даунинг-Стрит. Борис Джонсон стал вторым министром, покинувшим пост на фоне обсуждения правительством деталей плана выхода Великобритании из Евросоюза. Первым это сделал министр по вопросам брекзита Дэвид Дэвис.


---

ИЗВЛЕКИ и КЛАССИФИЦИРУЙ следующие сущности (10 шт.):
1. Борис Джонсон
2. Великобритании
3. Даунинг-Стрит
4. Джонсона
5. Дэвид Дэвис
6. Евросоюза
7. Мэй
8. Рейтер
9. Тереза Мэй
10. брекзита

---

ТИПЫ СУЩНОСТЕЙ (используй ТОЛЬКО эти 5 вариантов):
• PER (Person) - конкретные люди, персоны
• ORG (Organization) - организации, учреждения, компании
• LOC (Location) - географические объекты, места
• EVT (Event) - значимые события, мероприятия
• PRO (Product) - документы, законы, издания, процедуры

---

ФОРМАТ ОТВЕТА (строго соблюдай):
1. Одна строка на сущность
2. Сущность [ТИП]
3. Сущности должны быть в ТОЧНОМ написании как в списке выше
4. Используй русские названия сущностей

---

Теперь классифицируй все 10 сущностей:",492,"['Борис Джонсон', 'Великобритании', 'Даунинг-Стрит', 'Джонсона', 'Дэвид Дэвис', 'Евросоюза', 'Мэй', 'Рейтер', 'Тереза Мэй', 'брекзита']"
ru-1004,6,18,"Задача распознавания именованных сущностей (NER).

ТЕКСТ:
Борис Джонсон ушел в отставку с поста главы МИД Великобритании

Глава МИД Великобритании Борис Джонсон ушел в отставку, сообщает ТАСС со ссылкой на канцелярию премьер-министра страны Терезы Мэй.



Имя нового министра обещают назвать в ближайшее время. Также сообщается, что Мэй поблагодарила Джонсона за работу.



8 июля в отставку подал министр по вопросам Brexit Дэвид Дэвис. Причиной стало его несогласие с предложенным Мэй планом развития отношений с Евросоюзом после Brexit. Дэвис счел его слишком большой уступкой ЕС. Сообщалось, что Джонсон также резко раскритиковал план премьера. Сегодня экс-глава МИД должен был принять участие в пресс-конференции с коллегами из Германии и Польши на проходящем в Лондоне саммите по развитию региона Западных Балкан. В итоге Джонсон так и не пришел на мероприятие. Пост министра иностранных дел он занимал меньше двух лет. Политические аналитики полагают, что его отставка может привести к борьбе внутри правящей Консервативной партии за пост лидера, что в итоге станет причиной отставки Мэй с должности партийного руководителя и премьер-министра.


---

ИЗВЛЕКИ и КЛАССИФИЦИРУЙ следующие сущности (18 шт.):
1. Brexit
2. Борис Джонсон
3. Германии
4. Джонсон
5. Джонсона
6. Дэвид Дэвис
7. Дэвис
8. ЕС
9. Евросоюзом
10. Западных Балкан
11. Консервативной партии
12. Лондоне
13. МИД Великобритании
14. МИД
15. Мэй
16. Польши
17. ТАСС
18. Терезы Мэй

---

ТИПЫ СУЩНОСТЕЙ (используй ТОЛЬКО эти 5 вариантов):
• PER (Person) - конкретные люди, персоны
• ORG (Organization) - организации, учреждения, компании
• LOC (Location) - географические объекты, места
• EVT (Event) - значимые события, мероприятия
• PRO (Product) - документы, законы, издания, процедуры

---

ФОРМАТ ОТВЕТА (строго соблюдай):
1. Одна строка на сущность
2. Сущность [ТИП]
3. Сущности должны быть в ТОЧНОМ написании как в списке выше
4. Используй русские названия сущностей

---

Теперь классифицируй все 18 сущностей:",1093,"['Brexit', 'Борис Джонсон', 'Германии', 'Джонсон', 'Джонсона', 'Дэвид Дэвис', 'Дэвис', 'ЕС', 'Евросоюзом', 'Западных Балкан', 'Консервативной партии', 'Лондоне', 'МИД Великобритании', 'МИД', 'Мэй', 'Польши', 'ТАСС', 'Терезы Мэй']"
ru-1006,7,13,"Задача распознавания именованных сущностей (NER).

ТЕКСТ:
Захарова лирически прокомментировала отставку Джонсона

Официальный представитель МИД России Мария Захарова прокомментировала в своем Facebook решение министра иностранных дел Великобритании Бориса Джонсона уйти в отставку. Захарова написала: Учитывая его лирический склад и любовь к русской литературе, вспомнились строки ""не вынесла душа поэта"", которые хочется завершить на слове ""позора"". Помните, мы говорили о том, что вся эта грязная многокомпонентная интрига плачевно закончится для правительства Т. Мэй?. По мнению Захаровой, в Британии все отчетливее проступают контуры правительственного кризиса, причем оставаться в этой дырявой шлюпке не захотел даже британский король политической эксцентрики. Напомним, Борис Джонсон стал третьим по счету министром в кабинете Мэй, покинувшим свой пост в знак протеста против условий Brexit.


---

ИЗВЛЕКИ и КЛАССИФИЦИРУЙ следующие сущности (13 шт.):
1. Brexit
2. Facebook
3. Борис Джонсон
4. Бориса Джонсона
5. Британии
6. Великобритании
7. Джонсона
8. Захарова
9. Захаровой
10. МИД России
11. Мария Захарова
12. Мэй
13. Т. Мэй

---

ТИПЫ СУЩНОСТЕЙ (используй ТОЛЬКО эти 5 вариантов):
• PER (Person) - конкретные люди, персоны
• ORG (Organization) - организации, учреждения, компании
• LOC (Location) - географические объекты, места
• EVT (Event) - значимые события, мероприятия
• PRO (Product) - документы, законы, издания, процедуры

---

ФОРМАТ ОТВЕТА (строго соблюдай):
1. Одна строка на сущность
2. Сущность [ТИП]
3. Сущности должны быть в ТОЧНОМ написании как в списке выше
4. Используй русские названия сущностей

---

Теперь классифицируй все 13 сущностей:",840,"['Brexit', 'Facebook', 'Борис Джонсон', 'Бориса Джонсона', 'Британии', 'Великобритании', 'Джонсона', 'Захарова', 'Захаровой', 'МИД России', 'Мария Захарова', 'Мэй', 'Т. Мэй']"
ru-1011,8,18,"Задача распознавания именованных сущностей (NER).

ТЕКСТ:
За Борисом Джонсоном последует сама Мэй - британская пресса о главном политическом кризисе недели

Комментируя отставку министра иностранных дел Великобритании Бориса Джонсона, британские СМИ напоминают, что он был одним из самых ярких противников планов премьер-министра Великобритании Терезы Мэй, которая планировала мягкий выход из ЕС. Так, СМИ полагают, что отставка Джонсона, которая последовала сразу же за отставкой министра по выходу Великобритании из ЕС, повысит чувство кризиса в политической элите Великобритании. В дальнейшем это должно претвориться в отставку самой Терезы Мэй, уверено издание The Guardian. Издание называет такое развитие событий самым негативным последствием Brexit. Отметим, что перед отставкой Борис Джонсон уже не стеснялся и открыто критиковал Терезу Мэй, сообщают британские СМИ. Напомним, что до Джонсона поджал в отставку министр по выходу Великобритании из ЕС Дэвид Дэвис. Его отставка состоялась буквально накануне того, как Тереза Мэй должна была Палате общин, в ходе которого она должна представить только что одобренную кабинетом министров стратегию выхода страны из Евросоюза. Разногласия Мэй с Дэвисом и Джонсоном были принципиального характера. Мэй предложила мягкий вариант выхода, суть которого заключается в том, что создание создаются зоны свободной торговли с ЕС для промышленных и сельскохозяйственных товаров, а также сохраняются таможенные стандартов ЕС на границе с Великобританией. В то время как два ключевых министра, которые теперь в отставке, считают такую стратегию ослабляющей страну, она не позволит влиять на решения ЕС. Сам выход Великобритании из ЕС будет оформлен 29 марта.


---

ИЗВЛЕКИ и КЛАССИФИЦИРУЙ следующие сущности (18 шт.):
1. Brexit
2. The Guardian
3. Борис Джонсон
4. Бориса Джонсона
5. Борисом Джонсоном
6. Великобританией
7. Великобритании
8. Джонсона
9. Джонсоном
10. Дэвид Дэвис
11. Дэвисом
12. ЕС
13. Евросоюза
14. Мэй
15. Палате общин
16. Тереза Мэй
17. Терезу Мэй
18. Терезы Мэй

---

ТИПЫ СУЩНОСТЕЙ (используй ТОЛЬКО эти 5 вариантов):
• PER (Person) - конкретные люди, персоны
• ORG (Organization) - организации, учреждения, компании
• LOC (Location) - географические объекты, места
• EVT (Event) - значимые события, мероприятия
• PRO (Product) - документы, законы, издания, процедуры

---

ФОРМАТ ОТВЕТА (строго соблюдай):
1. Одна строка на сущность
2. Сущность [ТИП]
3. Сущности должны быть в ТОЧНОМ написании как в списке выше
4. Используй русские названия сущностей

---

Теперь классифицируй все 18 сущностей:",1642,"['Brexit', 'The Guardian', 'Борис Джонсон', 'Бориса Джонсона', 'Борисом Джонсоном', 'Великобританией', 'Великобритании', 'Джонсона', 'Джонсоном', 'Дэвид Дэвис', 'Дэвисом', 'ЕС', 'Евросоюза', 'Мэй', 'Палате общин', 'Тереза Мэй', 'Терезу Мэй', 'Терезы Мэй']"
ru-1017,9,14,"Задача распознавания именованных сущностей (NER).

ТЕКСТ:
Борис Джонсон подал в отставку с поста министра иностранных дел Великобритании

КИЕВ. 9 июля. УНН. Борис Джонсон подал в отставку с поста министра иностранных дел Великобритании. Об этом сообщает The Guardian, передает УНН. ""Сегодня днем премьер-министр принял отставку Бориса Джонсона с поста качестве министра иностранных дел. Его замена будет объявлена в ближайшее время. Премьер-министр благодарит Бориса за его работу"", - сообщил пресс-секретарь британского парламента. Таким образом, Джонсон стал третьим министром, который покинул свой пост в течении суток. Ранее о своем уходе объявили министр по вопросам выхода Великобритании из ЕС Дэвид Дэвис и заместитель министра по Brexit Стив Бейкер. Напомним, ранее премьер-министр Великобритании Тереза Мэй пообещала отправить в отставку главу МИД Соединенного Королевства Бориса Джонсона, если он попытается ослабить согласованную ее кабинетом коллективную позицию относительно будущих переговоров с ЕС.


---

ИЗВЛЕКИ и КЛАССИФИЦИРУЙ следующие сущности (14 шт.):
1. Brexit
2. The Guardian
3. Борис Джонсон
4. Бориса Джонсона
5. Бориса
6. Великобритании
7. Джонсон
8. Дэвид Дэвис
9. ЕС
10. КИЕВ
11. МИД Соединенного Королевства
12. Стив Бейкер
13. Тереза Мэй
14. УНН

---

ТИПЫ СУЩНОСТЕЙ (используй ТОЛЬКО эти 5 вариантов):
• PER (Person) - конкретные люди, персоны
• ORG (Organization) - организации, учреждения, компании
• LOC (Location) - географические объекты, места
• EVT (Event) - значимые события, мероприятия
• PRO (Product) - документы, законы, издания, процедуры

---

ФОРМАТ ОТВЕТА (строго соблюдай):
1. Одна строка на сущность
2. Сущность [ТИП]
3. Сущности должны быть в ТОЧНОМ написании как в списке выше
4. Используй русские названия сущностей

---

Теперь классифицируй все 14 сущностей:",956,"['Brexit', 'The Guardian', 'Борис Джонсон', 'Бориса Джонсона', 'Бориса', 'Великобритании', 'Джонсон', 'Дэвид Дэвис', 'ЕС', 'КИЕВ', 'МИД Соединенного Королевства', 'Стив Бейкер', 'Тереза Мэй', 'УНН']"
